date,time,headline
Jan-17-26,05:35PM,"Here's How Much $1,000 in a Trump Account Could Grow to After 18 Years"
Jan-17-26,10:33AM,Investors Worried About Large Cap Concentration Risk Have a Great Option in MDY
Jan-16-26,08:50PM,VOO vs. SPY: What's the Better S&P 500 ETF Buy?
Jan-16-26,04:38PM,Stocks Finish Slightly Lower as Bond Yields Climb
Jan-16-26,04:29PM,"Top 10 Congress Stock Traders 2025: Nancy Pelosi, Marjorie Taylor Greene Both Bet Big On NVDA - But Who Came Out On Top?"
Jan-16-26,12:12PM,Gresham Partners' Ted Neild: How We Beat the Index by Ignoring It
Jan-16-26,09:54AM,Stocks Climb on Renewed Optimism for AI Spending
Jan-16-26,09:53AM,A $2 Million Portfolio Still Has a Safety Trap Most Investors Miss
Jan-16-26,09:43AM,Stock Market Today: Dow Waffles Near Record Highs; Nvidia Regains Key Level (Live Coverage)
Jan-16-26,09:15AM,Market Minute 1-16-26- AI Power Costs in Focus Amid Tech Bounce
Jan-16-26,07:48AM,A 58-Year-Old With $3 Million Faces the Most Expensive Retirement Decision
Jan-16-26,05:46AM,"Stock Market Today: Dow Jones, S&P 500 Futures Gain Following Stellar Chipmaker Rally-Chevron, Paysafe, J.B. Hunt Transport In Focus"
Jan-16-26,03:42AM,"Cathie Wood Calls US Economy 'Coiled Spring' In 2026 Outlook, Predicts 'Golden Age'"
Jan-15-26,04:34PM,"These charts show the stock market giving investors a lot to like - for now - as the S&P 500 nears 7,000"
Jan-15-26,04:33PM,Stocks Boosted by Chip Demand Optimism
Jan-15-26,04:12PM,David Vs. Goliath: Why Small Caps Are Crushing The Magnificent 7
Jan-15-26,03:32PM,What Are the Tailwinds for Bank Stocks?
Jan-15-26,11:07AM,Bank of America resets IBM price target before earnings
Jan-15-26,10:04AM,Stock Markets Calm Belies Extreme Swings in Individual Shares
Jan-15-26,10:02AM,"That $85,000 Retirement Only Looks Comfortable Until You Hit Year 20"
Jan-15-26,09:41AM,Stock Market Today: Dow Rises On Jobless Claims; Nvidia Chipmaker Surges (Live Coverage)
Jan-15-26,09:14AM,Stock Market Today: Dow Falls On Surprise Jobless Claims; Nvidia Chipmaker Surges (Live Coverage)
Jan-15-26,07:46AM,"A 72-Year-Old With $900,000 Discovers RMDs Wont Drain the Portfolio as Expected"
Jan-15-26,07:09AM,"A Popular Quality ETF Is Actually A Low Yield, High P/E Choice Im Avoiding Today"
Jan-15-26,05:09AM,"Stock Market Today: S&P 500, Nasdaq 100 Futures Gain As Tech Stocks Rebound-Taiwan Semiconductor, ASML, Goldman Sachs In Focus"
Jan-15-26,05:03AM,"Trump's Tussle With Fed, Firing Of BLS Head, Lack Of 'Coherent' Strategy Leave Americans More Worried Than Covid, 2008 Financial Crisis"
Jan-15-26,02:26AM,"Trump's 'Performative' Tweets Don't Change Law, Says Economist Paul Krugman, Calling Credit Card Rate Cap As 'Charade'"
Jan-14-26,06:01PM,"Cathie Wood Predicts 'Goldilocks' Boom In 2026: 5% GDP With Deflation, Calls Bitcoin 'Ultimate Diversifier' For Portfolios"
Jan-14-26,04:39PM,Stock Indexes Settle Lower on Tech Weakness
Jan-14-26,02:44PM,Why Japanese Stocks Are Hitting Record Highs
Jan-14-26,02:15PM,Analysts Are Bullish About Stocks in 2026. Time to Short the Market?
Jan-14-26,10:26AM,"Stock Market Today: Dow, Nasdaq Fall On Inflation Data; Silver Names Shine, Then Fade (Live Coverage)"
Jan-14-26,10:19AM,The Silver Shock: How A 'Legacy Metal' Became 2026's Hottest Trade
Jan-14-26,09:46AM,Stock Market Today: Dow Falls On Surprise Inflation Data; Nvidia Slides (Live Coverage)
Jan-14-26,09:07AM,KBE Is A Tiny ETF With Huge Potential For Investors in 2026
Jan-14-26,09:00AM,Looking to Sell America Amid Fed Drama? Heres 1 ETF to Buy.
Jan-14-26,08:02AM,Four reasons to buy this overlooked group of stocks early in 2026
Jan-14-26,06:20AM,Should SPDR S&P 500 ETF (SPY) Be on Your Investing Radar?
Jan-14-26,05:03AM,"Stock Market Today: Dow Jones, Nasdaq 100 Futures Tumble Ahead Of Supreme Court Ruling On Trump's Tariffs-Wells Fargo, BP, WeRide In Focus"
Jan-14-26,04:25AM,Inflation 'Good Enough' But Fed Stays Put: Bilello Warns Against Political 'Price Fixing' Of Money
Jan-14-26,03:36AM,Kevin O'Leary Issues Stark Warning On US Energy Grid Vs. China: 'A Big Problem' For AI Boom
Jan-14-26,02:59AM,Wells Fargo Enters Its First Post-Asset-Cap Earnings Test: Here's Why Q4 Results Could Redefine The Bank's Growth Story
Jan-13-26,04:35PM,Stocks Fall on Weakness in Software and Credit Card Companies
Jan-13-26,03:38PM,"Yen Weakens To July 2024 Lows, But Japanese Stocks Have Never Been Stronger"
Jan-13-26,02:57PM,Ignore the Apple Noise and Consider Buying Qualcomm Stock for 2026
Jan-13-26,11:17AM,Stock Indexes Slip as the Magnificent Seven Technology Stocks Retreat
Jan-13-26,09:46AM,"Stock Market Today: Dow Falls On Surprise Inflation Data; Nvidia, Adobe Slide (Live Coverage)"
Jan-13-26,08:43AM,Stock Market Today: Dow Reverses On Surprise Inflation Report; Delta Dives On Earnings News (Live Coverage)
Jan-13-26,06:12AM,Ed Yardeni Dismisses Trump's 'Severe' 10% Credit Card Cap Ultimatum As 'Trial Balloon' That Won't Fly
Jan-13-26,05:28AM,"Stock Market Today: S&P 500, Dow Jones Futures Slip Ahead Of December CPI Print- JPMorgan, Alphabet, Five9 In Focus"
Jan-13-26,04:05AM,JPMorgan's Q4 Results To Reveal If Dealmaking Will Replace Rate-Driven Profits For Big Banks In 2026- SpaceX's $1.5 Trillion IPO In Focus
Jan-13-26,03:15AM,"Goldman Sachs Warns Valuations Are 'Historically High,' But Bear Market Is Unlikely In 2026"
Jan-13-26,02:46AM,"Cathie Wood Predicts 'Goldilocks' Boom In 2026: 5% GDP With Deflation, Calls Bitcoin 'Ultimate Diversifier' For Portfolios"
Jan-13-26,01:52AM,"Top Economist Rebuts Trump: $200 Billion Housing Stimulus Via Fannie, Freddie Will Spike Prices, Not Restore 'Affordability'"
Jan-12-26,12:33PM,Read This Before Buying JPMorgans Active Value ETF | JAVA
Jan-12-26,12:11PM,Low Volatility Is One Reason To Look At Options On This Fund
Jan-12-26,11:15AM,Equity Indexes Recover Early Losses as Precious Metals Reach New Record Highs
Jan-12-26,10:16AM,Stock Market Today: Dow Falls On Powell Investigation; Cybersecurity Name Breaks Out (Live Coverage)
Jan-12-26,09:57AM,Stocks Retreat on Concerns Over Fed Independence
Jan-12-26,09:19AM,Jerome Powell 'Is Going to War': Top Economist Wolfers Blasts DOJ As 'Department Of Recriminations' For Targeting Fed Chair
Jan-12-26,05:33AM,"Stock Market Today: Dow Jones, S&P 500 Futures Tumble As DOJ Serves Federal Reserve-Vistra, Tempus AI, Alibaba In Focus"
Jan-12-26,02:32AM,Trump Issues Ultimatum: Lower Credit Card Rates To 10% By Jan. 20 Or Face 'Severe' Consequences For 'Violation Of The Law'
Jan-12-26,01:31AM,"Senator Tillis Opposes Upcoming Fed Chair Nominee Over DOJ Subpoenas, Blasts Trump's 'Push' To Control Central Bank"
Jan-11-26,03:20PM,Wall Street S&P 500 targets reveal hidden trap for SPY investors
Jan-11-26,10:17AM,Why Smart Money Is Looking Overseas for Bank Stocks
Jan-10-26,11:12AM,PayPal Is The Most Hated Stock We Track Today
Jan-10-26,10:40AM,2 S&P 500 ETFs to Buy With $100 and Hold Forever
Jan-10-26,06:20AM,Warren Buffett Left Wall Street 3 Deafening Warnings Before Retiring. Was Anyone Paying Attention?
Jan-10-26,05:50AM,3 Bad Investing Mistakes I Won't Repeat in 2026 and Beyond
Jan-09-26,04:38PM,S&P 500 Rallies to a New Record High on US Economic Optimism
Jan-09-26,04:03PM,Can Strong Earnings Justify High Stock Valuations?
Jan-09-26,02:33PM,Want to retire from a soul-sucking job? Here are the financial factors to consider.
Jan-09-26,12:00PM,Defense ETFs in 2026: Trump's Spending Push & Other Key Tailwinds
Jan-09-26,10:44AM,Non-farm Payrolls: Good News & Bad News
Jan-09-26,10:00AM,Here's Why Biotech ETFs Are Rallying Hard
Jan-09-26,09:44AM,Stock Market Today: Dow Up After Surprise Jobs Data; Trump Tariff Ruling Looms (Live Coverage)
Jan-09-26,07:00AM,Stock Market Keeps Its Amazing Streak Going
Jan-09-26,05:43AM,"Stock Market Today: Nasdaq 100, S&P 500 Futures Gain As Investors Await December Jobs Report- General Motors, Offerpad, Tilray In Focus"
Jan-09-26,04:50AM,Want to Get Your Portfolio to $1 Million in 30 Years? Here's How Much You Should Aim to Invest in the S&P 500 Each Year.
Jan-09-26,03:42AM,"Morgan Stanley's Mike Wilson Sees 'Crystal Clear' Earnings Growth, Says 'Big Beautiful Bill' Will Fuel Consumer Stocks Rally"
Jan-09-26,01:14AM,"Dow Futures Rise, Nasdaq Slips And Crude Gains Amid Ongoing Unrest In Iran"
Jan-08-26,05:07PM,Got an Extra $10K? Heres How to Put It to Work for Maximum Financial Growth
Jan-08-26,04:39PM,Stocks Settle Mixed on Sector Rotation
Jan-08-26,12:00PM,5 ETFs to Buy for January
Jan-08-26,11:23AM,Stock Indexes Mixed on Big Tech Weakness and Higher Bond Yields
Jan-08-26,10:39AM,Pre-markets Soft on Excellent Economic Data
Jan-08-26,09:44AM,"Stock Market Today: Dow Falls After Surprise Jobless Claims; Apple, Tesla Extend Losses (Live Coverage)"
Jan-08-26,06:26AM,"S&P 500 Set For 'Choppy' 2026 As Fundstrat's Mark Newton Sets Target At 7,300- Warns Stocks Could See Drawdown In February"
Jan-08-26,06:18AM,"The S&P 500 Has More Room to Run, Goldman Says. What's Driving the 7,600 Target"
Jan-08-26,05:17AM,"Stock Market Today: S&P 500, Dow Jones Futures Decline - AZZ, Northrop Grumman, Immuneering In Focus"
Jan-08-26,05:04AM,"The Best S&P 500 ETF to Invest $5,000 in as 2026 Begins"
Jan-07-26,06:31PM,3 of the Most Important Charts to Watch Right Now
Jan-07-26,01:55PM,Big changes are afoot in the U.S. stock market. That could mean more opportunities for investors in 2026.
Jan-07-26,11:21AM,Stocks Hover Near Record Highs on Mixed US Economic News
Jan-07-26,10:23AM,"ADP Rebounds to +41K, JOLTS & ISM Services After the Open"
Jan-07-26,10:07AM,Stocks Supported by Lower Bond Yields
Jan-07-26,09:41AM,Stock Market Today: Dow Rises After Surprise Jobs Data; Bitcoin Stock Strategy Jumps (Live Coverage)
Jan-07-26,08:00AM,ETF Stories to Rule in 2026
Jan-06-26,04:34PM,S&P 500 and Dow Rally to Record Highs as Tech Stocks Surge
Jan-06-26,03:14PM,Better Buy: Comparing the SPY and EQL ETF
